,pvalues,speciesName,padj,model
1,0, Acalypha deamii,0,b Climate Segment e Climate Segment
2,0, Acalypha ostryifolia,0,b Climate Segment e Climate Segment
3,0, Acalypha virginica,0,b Climate Segment e Climate Segment
4,0, Actaea racemosa,0,b Climate Segment e Climate Segment
5,0.0057, Aesculus flava,0.005727536,b Climate Segment e Climate Segment
6,0, Agalinis paupercula,0,b Climate Segment e Climate Segment
7,0, Agrimonia gryposepala,0,b Climate Segment e Climate Segment
8,0, Agrostis elliottiana,0,b Climate Segment e Climate Segment
9,0, Agrostis scabra,0,b Climate Segment e Climate Segment
10,0, Aletris farinosa,0,b Climate Segment e Climate Segment
11,2.00E-04, Alnus incana,0.00022167,b Climate Segment e Climate Segment
12,0, Alopecurus aequalis,0,b Climate Segment e Climate Segment
13,0, Alopecurus carolinianus,0,b Climate Segment e Climate Segment
14,0, Ambrosia artemisiifolia,0,b Climate Segment e Climate Segment
15,0, Ammannia robusta,0,b Climate Segment e Climate Segment
16,0, Amorpha canescens,0,b Climate Segment e Climate Segment
17,0, Amorpha fruticosa,0,b Climate Segment e Climate Segment
18,0, Ampelopsis cordata,0,b Climate Segment e Climate Segment
19,0, Amsonia tabernaemontana,0,b Climate Segment e Climate Segment
20,0.0018, Andromeda polifolia,0.001823377,b Climate Segment e Climate Segment
21,0, Andropogon gyrans,0,b Climate Segment e Climate Segment
22,0, Andropogon virginicus,0,b Climate Segment e Climate Segment
23,0, Anemone americana,0,b Climate Segment e Climate Segment
24,0, Anemone cylindrica,0,b Climate Segment e Climate Segment
25,3.00E-04, Anemone quinquefolia,0.000323875,b Climate Segment e Climate Segment
26,0, Angelica venenosa,0,b Climate Segment e Climate Segment
27,0, Apios americana,0,b Climate Segment e Climate Segment
28,0, Apocynum androsaemifolium,0,b Climate Segment e Climate Segment
29,0, Arabidopsis lyrata,0,b Climate Segment e Climate Segment
30,0, Aralia nudicaulis,0,b Climate Segment e Climate Segment
31,0, Aralia spinosa,0,b Climate Segment e Climate Segment
32,0, Aristida dichotoma,0,b Climate Segment e Climate Segment
33,0, Aristida longespica,0,b Climate Segment e Climate Segment
34,0, Aristida oligantha,0,b Climate Segment e Climate Segment
35,0, Aristida purpurascens,0,b Climate Segment e Climate Segment
36,0, Aristida ramosissima,0,b Climate Segment e Climate Segment
37,1.00E-04, Arnoglossum plantagineum,0.000113869,b Climate Segment e Climate Segment
38,0, Arnoglossum reniforme,0,b Climate Segment e Climate Segment
39,0, Aronia melanocarpa,0,b Climate Segment e Climate Segment
40,0, Artemisia campestris,0,b Climate Segment e Climate Segment
41,0, Aruncus dioicus,0,b Climate Segment e Climate Segment
42,0, Arundinaria gigantea,0,b Climate Segment e Climate Segment
43,0, Asclepias amplexicaulis,0,b Climate Segment e Climate Segment
44,0, Asclepias hirtella,0,b Climate Segment e Climate Segment
45,0, Asclepias perennis,0,b Climate Segment e Climate Segment
46,0, Asclepias purpurascens,0,b Climate Segment e Climate Segment
47,0, Asclepias quadrifolia,0,b Climate Segment e Climate Segment
48,0, Asclepias variegata,0,b Climate Segment e Climate Segment
49,0, Asclepias verticillata,0,b Climate Segment e Climate Segment
50,0, Asclepias viridiflora,0,b Climate Segment e Climate Segment
51,0, Asplenium platyneuron,0,b Climate Segment e Climate Segment
52,0, Asplenium rhizophyllum,0,b Climate Segment e Climate Segment
53,0, Astragalus canadensis,0,b Climate Segment e Climate Segment
54,0, Aureolaria pedicularia,0,b Climate Segment e Climate Segment
55,0, Aureolaria virginica,0,b Climate Segment e Climate Segment
56,0, Baptisia alba,0,b Climate Segment e Climate Segment
57,1.00E-04, Baptisia australis,0.000113869,b Climate Segment e Climate Segment
58,3.00E-04, Baptisia leucophaea,0.000323875,b Climate Segment e Climate Segment
59,0, Bartonia virginica,0,b Climate Segment e Climate Segment
60,2.00E-04, Betula alleghaniensis,0.00022167,b Climate Segment e Climate Segment
61,0, Betula nigra,0,b Climate Segment e Climate Segment
62,0, Betula pumila,0,b Climate Segment e Climate Segment
63,0, Bidens aristosa,0,b Climate Segment e Climate Segment
64,3.00E-04, Bidens connata,0.000323875,b Climate Segment e Climate Segment
65,0, Bidens trichosperma,0,b Climate Segment e Climate Segment
66,0, Bignonia capreolata,0,b Climate Segment e Climate Segment
67,0.0021, Borodinia dentata,0.002116963,b Climate Segment e Climate Segment
68,1.00E-04, Brasenia schreberi,0.000113869,b Climate Segment e Climate Segment
69,0, Bromus ciliatus,0,b Climate Segment e Climate Segment
70,0, Bulbostylis capillaris,0,b Climate Segment e Climate Segment
71,0, Calamagrostis canadensis,0,b Climate Segment e Climate Segment
72,0, Calamagrostis stricta,0,b Climate Segment e Climate Segment
73,0, Callitriche terrestris,0,b Climate Segment e Climate Segment
74,0, Calopogon tuberosus,0,b Climate Segment e Climate Segment
75,0, Calycocarpum lyonii,0,b Climate Segment e Climate Segment
76,0, Calystegia catesbeiana,0,b Climate Segment e Climate Segment
77,0, Campanula aparinoides,0,b Climate Segment e Climate Segment
78,0, Campanula rotundifolia,0,b Climate Segment e Climate Segment
79,0, Cardamine angustata,0,b Climate Segment e Climate Segment
80,0, Cardamine parviflora,0,b Climate Segment e Climate Segment
81,0, Carex albolutescens,0,b Climate Segment e Climate Segment
82,0, Carex annectens,0,b Climate Segment e Climate Segment
83,0, Carex bicknellii,0,b Climate Segment e Climate Segment
84,0, Carex bushii,0,b Climate Segment e Climate Segment
85,0, Carex buxbaumii,0,b Climate Segment e Climate Segment
86,0, Carex canescens,0,b Climate Segment e Climate Segment
87,0, Carex caroliniana,0,b Climate Segment e Climate Segment
88,0, Carex comosa,0,b Climate Segment e Climate Segment
89,0, Carex crus-corvi,0,b Climate Segment e Climate Segment
90,0, Carex davisii,0,b Climate Segment e Climate Segment
91,0, Carex debilis,0,b Climate Segment e Climate Segment
92,3.00E-04, Carex diandra,0.000323875,b Climate Segment e Climate Segment
93,0, Carex festucacea,0,b Climate Segment e Climate Segment
94,0, Carex frankii,0,b Climate Segment e Climate Segment
95,0, Carex glaucodea,0,b Climate Segment e Climate Segment
96,0, Carex louisianica,0,b Climate Segment e Climate Segment
97,0, Carex muehlenbergii,0,b Climate Segment e Climate Segment
98,7.00E-04, Carex oligosperma,0.000717241,b Climate Segment e Climate Segment
99,0, Carex pellita,0,b Climate Segment e Climate Segment
100,0, Carex pensylvanica,0,b Climate Segment e Climate Segment
101,0, Carex retroflexa,0,b Climate Segment e Climate Segment
102,0, Carex scoparia,0,b Climate Segment e Climate Segment
103,0, Carex shortiana,0,b Climate Segment e Climate Segment
104,7.00E-04, Carex siccata,0.000717241,b Climate Segment e Climate Segment
105,0, Carex squarrosa,0,b Climate Segment e Climate Segment
106,0, Carex stricta,0,b Climate Segment e Climate Segment
107,0, Carex suberecta,0,b Climate Segment e Climate Segment
108,7.00E-04, Carex tonsa,0.000717241,b Climate Segment e Climate Segment
109,0, Carex trisperma,0,b Climate Segment e Climate Segment
110,0, Carex typhina,0,b Climate Segment e Climate Segment
111,0, Carex virescens,0,b Climate Segment e Climate Segment
112,0, Carex viridula,0,b Climate Segment e Climate Segment
113,0, Carex willdenowii,0,b Climate Segment e Climate Segment
114,0, Carya illinoinensis,0,b Climate Segment e Climate Segment
115,0, Carya tomentosa,0,b Climate Segment e Climate Segment
116,1.00E-04, Castanea dentata,0.000113869,b Climate Segment e Climate Segment
117,0, Castilleja coccinea,0,b Climate Segment e Climate Segment
118,0, Catalpa speciosa,0,b Climate Segment e Climate Segment
119,0, Ceanothus americanus,0,b Climate Segment e Climate Segment
120,0, Celtis laevigata,0,b Climate Segment e Climate Segment
121,0, Celtis tenuifolia,0,b Climate Segment e Climate Segment
122,0, Cerastium nutans,0,b Climate Segment e Climate Segment
123,0, Ceratophyllum demersum,0,b Climate Segment e Climate Segment
124,0, Chaerophyllum procumbens,0,b Climate Segment e Climate Segment
125,0, Chamaecrista nictitans,0,b Climate Segment e Climate Segment
126,0, Chamaedaphne calyculata,0,b Climate Segment e Climate Segment
127,0, Chamaenerion angustifolium,0,b Climate Segment e Climate Segment
128,0, Chasmanthium latifolium,0,b Climate Segment e Climate Segment
129,0, Chenopodiastrum simplex,0,b Climate Segment e Climate Segment
130,0, Chenopodium pratericola,0,b Climate Segment e Climate Segment
131,0, Chimaphila umbellata,0,b Climate Segment e Climate Segment
132,0, Cicuta bulbifera,0,b Climate Segment e Climate Segment
133,0, Cirsium carolinianum,0,b Climate Segment e Climate Segment
134,0.0029, Cirsium discolor,0.00291871,b Climate Segment e Climate Segment
135,0, Cirsium muticum,0,b Climate Segment e Climate Segment
136,0, Cirsium pumilum,0,b Climate Segment e Climate Segment
137,0, Cladium mariscoides,0,b Climate Segment e Climate Segment
138,0, Clematis pitcheri,0,b Climate Segment e Climate Segment
139,0, Clitoria mariana,0,b Climate Segment e Climate Segment
140,0, Cocculus carolinus,0,b Climate Segment e Climate Segment
141,0, Coleataenia anceps,0,b Climate Segment e Climate Segment
142,0, Coleataenia rigidula,0,b Climate Segment e Climate Segment
143,0.0345, Coleataenia stipitata,0.0345,b Climate Segment e Climate Segment
144,0, Comandra umbellata,0,b Climate Segment e Climate Segment
145,0, Comarum palustre,0,b Climate Segment e Climate Segment
146,0, Commelina diffusa,0,b Climate Segment e Climate Segment
147,0, Commelina erecta,0,b Climate Segment e Climate Segment
148,0, Commelina virginica,0,b Climate Segment e Climate Segment
149,0, Comptonia peregrina,0,b Climate Segment e Climate Segment
150,0, Conoclinium coelestinum,0,b Climate Segment e Climate Segment
151,3.00E-04, Coptis trifolia,0.000323875,b Climate Segment e Climate Segment
152,0, Corallorhiza wisteriana,0,b Climate Segment e Climate Segment
153,0, Coreopsis palmata,0,b Climate Segment e Climate Segment
154,0, Coreopsis tripteris,0,b Climate Segment e Climate Segment
155,0, Cornus drummondii,0,b Climate Segment e Climate Segment
156,0, Cornus foemina,0,b Climate Segment e Climate Segment
157,0, Cornus racemosa,0,b Climate Segment e Climate Segment
158,0, Cornus sericea,0,b Climate Segment e Climate Segment
159,0, Corydalis flavula,0,b Climate Segment e Climate Segment
160,0, Crataegus viridis,0,b Climate Segment e Climate Segment
161,5.00E-04, Crocanthemum bicknellii,0.00052349,b Climate Segment e Climate Segment
162,0, Crocanthemum canadense,0,b Climate Segment e Climate Segment
163,0, Cunila origanoides,0,b Climate Segment e Climate Segment
164,0, Cuphea viscosissima,0,b Climate Segment e Climate Segment
165,0, Cuscuta campestris,0,b Climate Segment e Climate Segment
166,0, Cuscuta compacta,0,b Climate Segment e Climate Segment
167,0, Cycloloma atriplicifolium,0,b Climate Segment e Climate Segment
168,0, Cynanchum laeve,0,b Climate Segment e Climate Segment
169,0, Cynoglossum virginianum,0,b Climate Segment e Climate Segment
170,5.00E-04, Cyperus diandrus,0.00052349,b Climate Segment e Climate Segment
171,0, Cyperus flavescens,0,b Climate Segment e Climate Segment
172,0, Cyperus lupulinus,0,b Climate Segment e Climate Segment
173,0, Cyperus pseudovegetus,0,b Climate Segment e Climate Segment
174,5.00E-04, Cypripedium acaule,0.00052349,b Climate Segment e Climate Segment
175,0, Cypripedium candidum,0,b Climate Segment e Climate Segment
176,2.00E-04, Dasiphora fruticosa,0.00022167,b Climate Segment e Climate Segment
177,1.00E-04, Decodon verticillatus,0.000113869,b Climate Segment e Climate Segment
178,0, Delphinium tricorne,0,b Climate Segment e Climate Segment
179,0, Desmanthus illinoensis,0,b Climate Segment e Climate Segment
180,0, Desmodium illinoense,0,b Climate Segment e Climate Segment
181,0, Desmodium laevigatum,0,b Climate Segment e Climate Segment
182,0, Desmodium nuttallii,0,b Climate Segment e Climate Segment
183,0, Desmodium sessilifolium,0,b Climate Segment e Climate Segment
184,0, Dianthus armeria,0,b Climate Segment e Climate Segment
185,0, Diarrhena americana,0,b Climate Segment e Climate Segment
186,0, Dichanthelium boscii,0,b Climate Segment e Climate Segment
187,0, Dichanthelium commutatum,0,b Climate Segment e Climate Segment
188,0, Dichanthelium depauperatum,0,b Climate Segment e Climate Segment
189,0, Dichanthelium dichotomum,0,b Climate Segment e Climate Segment
190,0, Dichanthelium latifolium,0,b Climate Segment e Climate Segment
191,0, Dichanthelium laxiflorum,0,b Climate Segment e Climate Segment
192,0, Dichanthelium oligosanthes,0,b Climate Segment e Climate Segment
193,0, Dichanthelium ovale,0,b Climate Segment e Climate Segment
194,0, Dichanthelium perlongum,0,b Climate Segment e Climate Segment
195,0, Dichanthelium polyanthes,0,b Climate Segment e Climate Segment
196,0, Dicliptera brachiata,0,b Climate Segment e Climate Segment
197,3.00E-04, Diervilla lonicera,0.000323875,b Climate Segment e Climate Segment
198,0, Digitaria cognata,0,b Climate Segment e Climate Segment
199,0, Dinebra panicea,0,b Climate Segment e Climate Segment
200,0, Diodia teres,0,b Climate Segment e Climate Segment
201,0, Diospyros virginiana,0,b Climate Segment e Climate Segment
202,0, Doellingeria umbellata,0,b Climate Segment e Climate Segment
203,7.00E-04, Drosera intermedia,0.000717241,b Climate Segment e Climate Segment
204,5.00E-04, Drosera rotundifolia,0.00052349,b Climate Segment e Climate Segment
205,6.00E-04, Drymocallis arguta,0.000627136,b Climate Segment e Climate Segment
206,0, Dryopteris carthusiana,0,b Climate Segment e Climate Segment
207,0, Dryopteris cristata,0,b Climate Segment e Climate Segment
208,0, Dulichium arundinaceum,0,b Climate Segment e Climate Segment
209,0, Echinochloa walteri,0,b Climate Segment e Climate Segment
210,2.00E-04, Echinocystis lobata,0.00022167,b Climate Segment e Climate Segment
211,0, Echinodorus cordifolius,0,b Climate Segment e Climate Segment
212,0, Eleocharis acicularis,0,b Climate Segment e Climate Segment
213,0, Eleocharis erythropoda,0,b Climate Segment e Climate Segment
214,0, Eleocharis flavescens,0,b Climate Segment e Climate Segment
215,0, Eleocharis verrucosa,0,b Climate Segment e Climate Segment
216,0, Elephantopus carolinianus,0,b Climate Segment e Climate Segment
217,5.00E-04, Elodea nuttallii,0.00052349,b Climate Segment e Climate Segment
218,0, Elymus canadensis,0,b Climate Segment e Climate Segment
219,2.00E-04, Elymus repens,0.00022167,b Climate Segment e Climate Segment
220,1.00E-04, Elymus trachycaulus,0.000113869,b Climate Segment e Climate Segment
221,2.00E-04, Epilobium leptophyllum,0.00022167,b Climate Segment e Climate Segment
222,0, Equisetum fluviatile,0,b Climate Segment e Climate Segment
223,0, Eragrostis capillaris,0,b Climate Segment e Climate Segment
224,0, Eriophorum virginicum,0,b Climate Segment e Climate Segment
225,0, Eriophorum viridicarinatum,0,b Climate Segment e Climate Segment
226,0, Eryngium yuccifolium,0,b Climate Segment e Climate Segment
227,0, Euonymus americanus,0,b Climate Segment e Climate Segment
228,0, Eupatorium serotinum,0,b Climate Segment e Climate Segment
229,0, Eupatorium sessilifolium,0,b Climate Segment e Climate Segment
230,0, Euphorbia humistrata,0,b Climate Segment e Climate Segment
231,2.00E-04, Eurybia macrophylla,0.00022167,b Climate Segment e Climate Segment
232,0, Euthamia gymnospermoides,0,b Climate Segment e Climate Segment
233,9.00E-04, Eutrochium fistulosum,0.000919149,b Climate Segment e Climate Segment
234,0, Eutrochium maculatum,0,b Climate Segment e Climate Segment
235,0, Fleischmannia incarnata,0,b Climate Segment e Climate Segment
236,0.0018, Floerkea proserpinacoides,0.001823377,b Climate Segment e Climate Segment
237,0, Forestiera acuminata,0,b Climate Segment e Climate Segment
238,0, Frangula caroliniana,0,b Climate Segment e Climate Segment
239,0, Fraxinus biltmoreana,0,b Climate Segment e Climate Segment
240,0, Galactia volubilis,0,b Climate Segment e Climate Segment
241,0, Galium boreale,0,b Climate Segment e Climate Segment
242,0, Galium labradoricum,0,b Climate Segment e Climate Segment
243,0, Galium pilosum,0,b Climate Segment e Climate Segment
244,0, Gamochaeta purpurea,0,b Climate Segment e Climate Segment
245,3.00E-04, Gaultheria procumbens,0.000323875,b Climate Segment e Climate Segment
246,0, Gaylussacia baccata,0,b Climate Segment e Climate Segment
247,0, Gentiana alba,0,b Climate Segment e Climate Segment
248,0, Gentiana saponaria,0,b Climate Segment e Climate Segment
249,1.00E-04, Gentianopsis crinita,0.000113869,b Climate Segment e Climate Segment
250,2.00E-04, Gentianopsis virgata,0.00022167,b Climate Segment e Climate Segment
251,0, Geranium carolinianum,0,b Climate Segment e Climate Segment
252,1.00E-04, Geum aleppicum,0.000113869,b Climate Segment e Climate Segment
253,8.00E-04, Geum laciniatum,0.000818361,b Climate Segment e Climate Segment
254,0, Gillenia stipulata,0,b Climate Segment e Climate Segment
255,0, Glyceria septentrionalis,0,b Climate Segment e Climate Segment
256,0, Gonolobus suberosus,0,b Climate Segment e Climate Segment
257,0, Hasteola suaveolens,0,b Climate Segment e Climate Segment
258,0, Hedeoma hispida,0,b Climate Segment e Climate Segment
259,0, Helenium flexuosum,0,b Climate Segment e Climate Segment
260,0, Helianthus giganteus,0,b Climate Segment e Climate Segment
261,0, Helianthus microcephalus,0,b Climate Segment e Climate Segment
262,0, Helianthus mollis,0,b Climate Segment e Climate Segment
263,0, Helianthus occidentalis,0,b Climate Segment e Climate Segment
264,0, Helianthus strumosus,0,b Climate Segment e Climate Segment
265,0.0016, Heracleum maximum,0.001626059,b Climate Segment e Climate Segment
266,0, Hesperostipa spartea,0,b Climate Segment e Climate Segment
267,4.00E-04, Heteranthera dubia,0.000428866,b Climate Segment e Climate Segment
268,0, Heteranthera reniformis,0,b Climate Segment e Climate Segment
269,0, Heuchera richardsonii,0,b Climate Segment e Climate Segment
270,0, Heuchera villosa,0,b Climate Segment e Climate Segment
271,0, Hibiscus moscheutos,0,b Climate Segment e Climate Segment
272,0, Hieracium umbellatum,0,b Climate Segment e Climate Segment
273,1.00E-04, Hordeum jubatum,0.000113869,b Climate Segment e Climate Segment
274,0, Hordeum pusillum,0,b Climate Segment e Climate Segment
275,0, Houstonia caerulea,0,b Climate Segment e Climate Segment
276,0, Houstonia purpurea,0,b Climate Segment e Climate Segment
277,0, Hybanthus concolor,0,b Climate Segment e Climate Segment
278,0, Hydrocotyle umbellata,0,b Climate Segment e Climate Segment
279,2.00E-04, Hydrophyllum virginianum,0.00022167,b Climate Segment e Climate Segment
280,0, Hylodesmum pauciflorum,0,b Climate Segment e Climate Segment
281,0, Hymenocallis occidentalis,0,b Climate Segment e Climate Segment
282,5.00E-04, Hypericum boreale,0.00052349,b Climate Segment e Climate Segment
283,0, Hypericum drummondii,0,b Climate Segment e Climate Segment
284,0, Hypericum gentianoides,0,b Climate Segment e Climate Segment
285,0, Hypericum hypericoides,0,b Climate Segment e Climate Segment
286,7.00E-04, Hypericum kalmianum,0.000717241,b Climate Segment e Climate Segment
287,0, Hypericum majus,0,b Climate Segment e Climate Segment
288,0, Hypericum virgatum,0,b Climate Segment e Climate Segment
289,0, Ilex decidua,0,b Climate Segment e Climate Segment
290,0, Ilex mucronata,0,b Climate Segment e Climate Segment
291,0, Iodanthus pinnatifidus,0,b Climate Segment e Climate Segment
292,0, Ipomoea lacunosa,0,b Climate Segment e Climate Segment
293,0, Iresine rhizomatosa,0,b Climate Segment e Climate Segment
294,0, Iris brevicaulis,0,b Climate Segment e Climate Segment
295,0, Iris cristata,0,b Climate Segment e Climate Segment
296,0, Isotrema tomentosa,0,b Climate Segment e Climate Segment
297,0.0021, Jeffersonia diphylla,0.002116963,b Climate Segment e Climate Segment
298,0, Juncus anthelatus,0,b Climate Segment e Climate Segment
299,0, Juncus brachycarpus,0,b Climate Segment e Climate Segment
300,0, Juncus canadensis,0,b Climate Segment e Climate Segment
301,0, Juncus diffusissimus,0,b Climate Segment e Climate Segment
302,0, Juncus marginatus,0,b Climate Segment e Climate Segment
303,0, Juncus torreyi,0,b Climate Segment e Climate Segment
304,0, Koeleria macrantha,0,b Climate Segment e Climate Segment
305,0, Krigia dandelion,0,b Climate Segment e Climate Segment
306,0, Krigia virginica,0,b Climate Segment e Climate Segment
307,0, Kyllinga pumila,0,b Climate Segment e Climate Segment
308,0, Lactuca floridana,0,b Climate Segment e Climate Segment
309,0, Larix laricina,0,b Climate Segment e Climate Segment
310,0, Lathyrus palustris,0,b Climate Segment e Climate Segment
311,0, Lathyrus venosus,0,b Climate Segment e Climate Segment
312,0, Lechea mucronata,0,b Climate Segment e Climate Segment
313,0, Lechea pulchella,0,b Climate Segment e Climate Segment
314,0, Lechea tenuifolia,0,b Climate Segment e Climate Segment
315,0.0015, Lemna trisulca,0.001526917,b Climate Segment e Climate Segment
316,0, Lespedeza capitata,0,b Climate Segment e Climate Segment
317,0, Lespedeza hirta,0,b Climate Segment e Climate Segment
318,0, Lespedeza procumbens,0,b Climate Segment e Climate Segment
319,0, Lespedeza repens,0,b Climate Segment e Climate Segment
320,0, Lespedeza violacea,0,b Climate Segment e Climate Segment
321,0, Leucospora multifida,0,b Climate Segment e Climate Segment
322,0, Liatris aspera,0,b Climate Segment e Climate Segment
323,0, Liatris scariosa,0,b Climate Segment e Climate Segment
324,0, Liatris spicata,0,b Climate Segment e Climate Segment
325,0, Liatris squarrosa,0,b Climate Segment e Climate Segment
326,0, Liatris squarrulosa,0,b Climate Segment e Climate Segment
327,0, Lilium michiganense,0,b Climate Segment e Climate Segment
328,0, Lilium philadelphicum,0,b Climate Segment e Climate Segment
329,0, Linum medium,0,b Climate Segment e Climate Segment
330,0, Liquidambar styraciflua,0,b Climate Segment e Climate Segment
331,0, Lithospermum canescens,0,b Climate Segment e Climate Segment
332,0, Lithospermum caroliniense,0,b Climate Segment e Climate Segment
333,0, Lobelia cardinalis,0,b Climate Segment e Climate Segment
334,0, Lobelia kalmii,0,b Climate Segment e Climate Segment
335,0, Lobelia puberula,0,b Climate Segment e Climate Segment
336,0, Lobelia spicata,0,b Climate Segment e Climate Segment
337,0, Ludwigia decurrens,0,b Climate Segment e Climate Segment
338,0, Ludwigia sphaerocarpa,0,b Climate Segment e Climate Segment
339,0, Lupinus perennis,0,b Climate Segment e Climate Segment
340,0, Luzula echinata,0,b Climate Segment e Climate Segment
341,0, Luzula multiflora,0,b Climate Segment e Climate Segment
342,0, Lycopus uniflorus,0,b Climate Segment e Climate Segment
343,0, Lycopus virginicus,0,b Climate Segment e Climate Segment
344,0, Lysimachia arvensis,0,b Climate Segment e Climate Segment
345,3.00E-04, Lysimachia borealis,0.000323875,b Climate Segment e Climate Segment
346,0, Lysimachia minima,0,b Climate Segment e Climate Segment
347,0, Lysimachia quadrifolia,0,b Climate Segment e Climate Segment
348,0, Lysimachia terrestris,0,b Climate Segment e Climate Segment
349,0, Lysimachia thyrsiflora,0,b Climate Segment e Climate Segment
350,0, Lythrum alatum,0,b Climate Segment e Climate Segment
351,0, Maianthemum canadense,0,b Climate Segment e Climate Segment
352,0, Maianthemum stellatum,0,b Climate Segment e Climate Segment
353,0, Manfreda virginica,0,b Climate Segment e Climate Segment
354,0, Matelea obliqua,0,b Climate Segment e Climate Segment
355,7.00E-04, Melampyrum lineare,0.000717241,b Climate Segment e Climate Segment
356,0, Melica mutica,0,b Climate Segment e Climate Segment
357,0, Melothria pendula,0,b Climate Segment e Climate Segment
358,0, Mentha canadensis,0,b Climate Segment e Climate Segment
359,0, Menyanthes trifoliata,0,b Climate Segment e Climate Segment
360,0, Micranthes pensylvanica,0,b Climate Segment e Climate Segment
361,0, Micranthes virginiensis,0,b Climate Segment e Climate Segment
362,0, Mimulus alatus,0,b Climate Segment e Climate Segment
363,1.00E-04, Monarda clinopodia,0.000113869,b Climate Segment e Climate Segment
364,0, Monarda punctata,0,b Climate Segment e Climate Segment
365,0, Morus rubra,0,b Climate Segment e Climate Segment
366,0, Muhlenbergia bushii,0,b Climate Segment e Climate Segment
367,0, Muhlenbergia glomerata,0,b Climate Segment e Climate Segment
368,0, Muhlenbergia mexicana,0,b Climate Segment e Climate Segment
369,0, Muhlenbergia sobolifera,0,b Climate Segment e Climate Segment
370,0, Myosotis macrosperma,0,b Climate Segment e Climate Segment
371,2.00E-04, Nabalus albus,0.00022167,b Climate Segment e Climate Segment
372,0, Nabalus asper,0,b Climate Segment e Climate Segment
373,0, Nabalus racemosus,0,b Climate Segment e Climate Segment
374,0, Najas flexilis,0,b Climate Segment e Climate Segment
375,0, Nuttallanthus canadensis,0,b Climate Segment e Climate Segment
376,0, Nymphaea odorata,0,b Climate Segment e Climate Segment
377,0, Obolaria virginica,0,b Climate Segment e Climate Segment
378,0, Oenothera clelandii,0,b Climate Segment e Climate Segment
379,0, Oenothera fruticosa,0,b Climate Segment e Climate Segment
380,0, Oenothera laciniata,0,b Climate Segment e Climate Segment
381,0, Ophioglossum vulgatum,0,b Climate Segment e Climate Segment
382,0, Orbexilum pedunculatum,0,b Climate Segment e Climate Segment
383,0, Orobanche riparia,0,b Climate Segment e Climate Segment
384,0, Oxalis grandis,0,b Climate Segment e Climate Segment
385,0, Packera glabella,0,b Climate Segment e Climate Segment
386,7.00E-04, Packera paupercula,0.000717241,b Climate Segment e Climate Segment
387,0, Packera plattensis,0,b Climate Segment e Climate Segment
388,0, Panicum flexile,0,b Climate Segment e Climate Segment
389,0, Panicum philadelphicum,0,b Climate Segment e Climate Segment
390,3.00E-04, Panicum tuckermanii,0.000323875,b Climate Segment e Climate Segment
391,3.00E-04, Parnassia glauca,0.000323875,b Climate Segment e Climate Segment
392,0, Paronychia canadensis,0,b Climate Segment e Climate Segment
393,0, Paronychia fastigiata,0,b Climate Segment e Climate Segment
394,2.00E-04, Parthenium integrifolium,0.00022167,b Climate Segment e Climate Segment
395,0, Parthenocissus inserta,0,b Climate Segment e Climate Segment
396,0, Paspalum laeve,0,b Climate Segment e Climate Segment
397,0, Paspalum pubiflorum,0,b Climate Segment e Climate Segment
398,0, Paspalum repens,0,b Climate Segment e Climate Segment
399,0, Passiflora incarnata,0,b Climate Segment e Climate Segment
400,0, Passiflora lutea,0,b Climate Segment e Climate Segment
401,0, Pedicularis lanceolata,0,b Climate Segment e Climate Segment
402,0, Peltandra virginica,0,b Climate Segment e Climate Segment
403,0, Penstemon alluviorum,0,b Climate Segment e Climate Segment
404,0, Penstemon calycosus,0,b Climate Segment e Climate Segment
405,1.00E-04, Penstemon deamii,0.000113869,b Climate Segment e Climate Segment
406,0, Penstemon hirsutus,0,b Climate Segment e Climate Segment
407,0, Persicaria amphibia,0,b Climate Segment e Climate Segment
408,0, Phacelia bipinnatifida,0,b Climate Segment e Climate Segment
409,0, Phaseolus polystachios,0,b Climate Segment e Climate Segment
410,0, Phlox amplifolia,0,b Climate Segment e Climate Segment
411,0, Phlox glaberrima,0,b Climate Segment e Climate Segment
412,0, Phlox pilosa,0,b Climate Segment e Climate Segment
413,0, Phoradendron leucarpum,0,b Climate Segment e Climate Segment
414,0, Phragmites australis,0,b Climate Segment e Climate Segment
415,0, Phyllanthus caroliniensis,0,b Climate Segment e Climate Segment
416,0, Physalis virginiana,0,b Climate Segment e Climate Segment
417,0, Planodes virginicum,0,b Climate Segment e Climate Segment
418,1.00E-04, Plantago elongata,0.000113869,b Climate Segment e Climate Segment
419,0, Plantago virginica,0,b Climate Segment e Climate Segment
420,0, Platanthera ciliaris,0,b Climate Segment e Climate Segment
421,0, Platanthera peramoena,0,b Climate Segment e Climate Segment
422,0, Pluchea camphorata,0,b Climate Segment e Climate Segment
423,0, Poa autumnalis,0,b Climate Segment e Climate Segment
424,0, Poa chapmaniana,0,b Climate Segment e Climate Segment
425,0, Poa palustris,0,b Climate Segment e Climate Segment
426,5.00E-04, Poa saltuensis,0.00052349,b Climate Segment e Climate Segment
427,1.00E-04, Pogonia ophioglossoides,0.000113869,b Climate Segment e Climate Segment
428,0, Polygala ambigua,0,b Climate Segment e Climate Segment
429,0, Polygala cruciata,0,b Climate Segment e Climate Segment
430,0, Polygala polygama,0,b Climate Segment e Climate Segment
431,0, Polygala verticillata,0,b Climate Segment e Climate Segment
432,0, Polygonum tenue,0,b Climate Segment e Climate Segment
433,0, Pontederia cordata,0,b Climate Segment e Climate Segment
434,0, Populus tremuloides,0,b Climate Segment e Climate Segment
435,0, Potamogeton diversifolius,0,b Climate Segment e Climate Segment
436,0, Potamogeton illinoensis,0,b Climate Segment e Climate Segment
437,0, Potamogeton natans,0,b Climate Segment e Climate Segment
438,5.00E-04, Potamogeton zosteriformis,0.00052349,b Climate Segment e Climate Segment
439,0, Proserpinaca palustris,0,b Climate Segment e Climate Segment
440,7.00E-04, Prunus pensylvanica,0.000717241,b Climate Segment e Climate Segment
441,0, Prunus pumila,0,b Climate Segment e Climate Segment
442,0, Prunus virginiana,0,b Climate Segment e Climate Segment
443,0, Pteridium aquilinum,0,b Climate Segment e Climate Segment
444,0, Pycnanthemum loomisii,0,b Climate Segment e Climate Segment
445,0, Pycnanthemum pycnanthemoides,0,b Climate Segment e Climate Segment
446,0, Pycnanthemum tenuifolium,0,b Climate Segment e Climate Segment
447,3.00E-04, Pyrola elliptica,0.000323875,b Climate Segment e Climate Segment
448,0, Pyrrhopappus carolinianus,0,b Climate Segment e Climate Segment
449,2.00E-04, Quercus coccinea,0.00022167,b Climate Segment e Climate Segment
450,0, Quercus ellipsoidalis,0,b Climate Segment e Climate Segment
451,0, Quercus falcata,0,b Climate Segment e Climate Segment
452,0, Quercus lyrata,0,b Climate Segment e Climate Segment
453,0, Quercus marilandica,0,b Climate Segment e Climate Segment
454,0, Quercus michauxii,0,b Climate Segment e Climate Segment
455,0, Quercus montana,0,b Climate Segment e Climate Segment
456,0, Quercus pagoda,0,b Climate Segment e Climate Segment
457,0, Quercus palustris,0,b Climate Segment e Climate Segment
458,0, Quercus shumardii,0,b Climate Segment e Climate Segment
459,0, Quercus stellata,0,b Climate Segment e Climate Segment
460,0, Ranunculus fascicularis,0,b Climate Segment e Climate Segment
461,0, Ranunculus micranthus,0,b Climate Segment e Climate Segment
462,0, Ranunculus pensylvanicus,0,b Climate Segment e Climate Segment
463,0, Ranunculus pusillus,0,b Climate Segment e Climate Segment
464,0, Ranunculus sceleratus,0,b Climate Segment e Climate Segment
465,0, Rhamnus alnifolia,0,b Climate Segment e Climate Segment
466,0, Rhus copallinum,0,b Climate Segment e Climate Segment
467,0, Rhus typhina,0,b Climate Segment e Climate Segment
468,2.00E-04, Rhynchospora alba,0.00022167,b Climate Segment e Climate Segment
469,5.00E-04, Rhynchospora capillacea,0.00052349,b Climate Segment e Climate Segment
470,0, Rhynchospora capitellata,0,b Climate Segment e Climate Segment
471,0, Rhynchospora corniculata,0,b Climate Segment e Climate Segment
472,7.00E-04, Rhynchospora scirpoides,0.000717241,b Climate Segment e Climate Segment
473,0, Ribes americanum,0,b Climate Segment e Climate Segment
474,0, Ribes hirtellum,0,b Climate Segment e Climate Segment
475,0, Rorippa sessiliflora,0,b Climate Segment e Climate Segment
476,0, Rotala ramosior,0,b Climate Segment e Climate Segment
477,0, Rubus aboriginum,0,b Climate Segment e Climate Segment
478,0, Rubus argutus,0,b Climate Segment e Climate Segment
479,0, Rubus flagellaris,0,b Climate Segment e Climate Segment
480,0, Rubus hispidus,0,b Climate Segment e Climate Segment
481,5.00E-04, Rubus idaeus,0.00052349,b Climate Segment e Climate Segment
482,0, Rubus laudatus,0,b Climate Segment e Climate Segment
483,0, Rubus pubescens,0,b Climate Segment e Climate Segment
484,2.00E-04, Rudbeckia triloba,0.00022167,b Climate Segment e Climate Segment
485,0, Ruellia caroliniensis,0,b Climate Segment e Climate Segment
486,0, Ruellia strepens,0,b Climate Segment e Climate Segment
487,0, Rumex britannica,0,b Climate Segment e Climate Segment
488,0, Rumex triangulivalvis,0,b Climate Segment e Climate Segment
489,0, Saccharum alopecuroides,0,b Climate Segment e Climate Segment
490,0, Sagina decumbens,0,b Climate Segment e Climate Segment
491,5.00E-04, Sagittaria cuneata,0.00052349,b Climate Segment e Climate Segment
492,0, Sagittaria graminea,0,b Climate Segment e Climate Segment
493,0, Sagittaria latifolia,0,b Climate Segment e Climate Segment
494,0, Sagittaria montevidensis,0,b Climate Segment e Climate Segment
495,5.00E-04, Sagittaria rigida,0.00052349,b Climate Segment e Climate Segment
496,0, Salix amygdaloides,0,b Climate Segment e Climate Segment
497,0, Salix bebbiana,0,b Climate Segment e Climate Segment
498,0, Salix candida,0,b Climate Segment e Climate Segment
499,0, Salix caroliniana,0,b Climate Segment e Climate Segment
500,0, Salix lucida,0,b Climate Segment e Climate Segment
501,4.00E-04, Salix pedicellaris,0.000428866,b Climate Segment e Climate Segment
502,1.00E-04, Salix petiolaris,0.000113869,b Climate Segment e Climate Segment
503,0, Salvia lyrata,0,b Climate Segment e Climate Segment
504,0, Sambucus racemosa,0,b Climate Segment e Climate Segment
505,0, Samolus parviflorus,0,b Climate Segment e Climate Segment
506,0, Sanicula marilandica,0,b Climate Segment e Climate Segment
507,0, Sarracenia purpurea,0,b Climate Segment e Climate Segment
508,3.00E-04, Schoenoplectiella smithii,0.000323875,b Climate Segment e Climate Segment
509,0, Schoenoplectus acutus,0,b Climate Segment e Climate Segment
510,0, Schoenoplectus pungens,0,b Climate Segment e Climate Segment
511,0, Scirpus georgianus,0,b Climate Segment e Climate Segment
512,0, Scleria oligantha,0,b Climate Segment e Climate Segment
513,0, Scleria verticillata,0,b Climate Segment e Climate Segment
514,0, Scrophularia lanceolata,0,b Climate Segment e Climate Segment
515,0, Scutellaria elliptica,0,b Climate Segment e Climate Segment
516,0, Scutellaria galericulata,0,b Climate Segment e Climate Segment
517,0, Scutellaria incana,0,b Climate Segment e Climate Segment
518,0, Scutellaria nervosa,0,b Climate Segment e Climate Segment
519,0, Sedum ternatum,0,b Climate Segment e Climate Segment
520,0, Senna marilandica,0,b Climate Segment e Climate Segment
521,0, Sericocarpus linifolius,0,b Climate Segment e Climate Segment
522,0, Silene virginica,0,b Climate Segment e Climate Segment
523,0, Silphium asteriscus,0,b Climate Segment e Climate Segment
524,1.00E-04, Silphium laciniatum,0.000113869,b Climate Segment e Climate Segment
525,0, Sisyrinchium albidum,0,b Climate Segment e Climate Segment
526,0, Smallanthus uvedalius,0,b Climate Segment e Climate Segment
527,0, Smilax bona-nox,0,b Climate Segment e Climate Segment
528,0, Smilax glauca,0,b Climate Segment e Climate Segment
529,0, Smilax pulverulenta,0,b Climate Segment e Climate Segment
530,0, Smilax rotundifolia,0,b Climate Segment e Climate Segment
531,1.00E-04, Solidago bicolor,0.000113869,b Climate Segment e Climate Segment
532,0, Solidago erecta,0,b Climate Segment e Climate Segment
533,4.00E-04, Solidago ohioensis,0.000428866,b Climate Segment e Climate Segment
534,1.00E-04, Solidago patula,0.000113869,b Climate Segment e Climate Segment
535,0, Solidago riddellii,0,b Climate Segment e Climate Segment
536,0, Solidago rigida,0,b Climate Segment e Climate Segment
537,0, Solidago rigidiuscula,0,b Climate Segment e Climate Segment
538,0, Solidago rugosa,0,b Climate Segment e Climate Segment
539,0, Solidago speciosa,0,b Climate Segment e Climate Segment
540,0, Solidago sphacelata,0,b Climate Segment e Climate Segment
541,1.00E-04, Solidago uliginosa,0.000113869,b Climate Segment e Climate Segment
542,2.00E-04, Sonchus arvensis,0.00022167,b Climate Segment e Climate Segment
543,0, Sorghum bicolor,0,b Climate Segment e Climate Segment
544,0, Sparganium emersum,0,b Climate Segment e Climate Segment
545,0, Sparganium eurycarpum,0,b Climate Segment e Climate Segment
546,0, Spartina pectinata,0,b Climate Segment e Climate Segment
547,0, Spermacoce glabra,0,b Climate Segment e Climate Segment
548,0, Spiraea alba,0,b Climate Segment e Climate Segment
549,0, Spiraea tomentosa,0,b Climate Segment e Climate Segment
550,0, Sporobolus cryptandrus,0,b Climate Segment e Climate Segment
551,0, Sporobolus heterolepis,0,b Climate Segment e Climate Segment
552,0, Stachys hyssopifolia,0,b Climate Segment e Climate Segment
553,1.00E-04, Stellaria corei,0.000113869,b Climate Segment e Climate Segment
554,0, Stellaria pubera,0,b Climate Segment e Climate Segment
555,0, Strophostyles umbellata,0,b Climate Segment e Climate Segment
556,0, Stuckenia pectinata,0,b Climate Segment e Climate Segment
557,0, Stylosanthes biflora,0,b Climate Segment e Climate Segment
558,0, Symphoricarpos orbiculatus,0,b Climate Segment e Climate Segment
559,7.00E-04, Symphyotrichum boreale,0.000717241,b Climate Segment e Climate Segment
560,0, Symphyotrichum dumosum,0,b Climate Segment e Climate Segment
561,0, Symphyotrichum ericoides,0,b Climate Segment e Climate Segment
562,1.00E-04, Symphyotrichum firmum,0.000113869,b Climate Segment e Climate Segment
563,0, Symphyotrichum laeve,0,b Climate Segment e Climate Segment
564,0, Symphyotrichum oolentangiense,0,b Climate Segment e Climate Segment
565,0, Symphyotrichum patens,0,b Climate Segment e Climate Segment
566,0.011, Symphyotrichum prenanthoides,0.011017657,b Climate Segment e Climate Segment
567,0, Symphyotrichum racemosum,0,b Climate Segment e Climate Segment
568,0, Symphyotrichum shortii,0,b Climate Segment e Climate Segment
569,0, Symphyotrichum undulatum,0,b Climate Segment e Climate Segment
570,0, Taxodium distichum,0,b Climate Segment e Climate Segment
571,0, Tephrosia virginiana,0,b Climate Segment e Climate Segment
572,0, Thalictrum pubescens,0,b Climate Segment e Climate Segment
573,0, Thyrsanthella difformis,0,b Climate Segment e Climate Segment
574,0, Tipularia discolor,0,b Climate Segment e Climate Segment
575,7.00E-04, Torreyochloa pallida,0.000717241,b Climate Segment e Climate Segment
576,0, Tradescantia ohiensis,0,b Climate Segment e Climate Segment
577,0, Tradescantia subaspera,0,b Climate Segment e Climate Segment
578,0, Tradescantia virginiana,0,b Climate Segment e Climate Segment
579,0, Tragia cordata,0,b Climate Segment e Climate Segment
580,0, Triadenum fraseri,0,b Climate Segment e Climate Segment
581,0, Triadenum tubulosum,0,b Climate Segment e Climate Segment
582,3.00E-04, Triantha glutinosa,0.000323875,b Climate Segment e Climate Segment
583,0, Tridens flavus,0,b Climate Segment e Climate Segment
584,0, Trifolium reflexum,0,b Climate Segment e Climate Segment
585,0, Triglochin maritima,0,b Climate Segment e Climate Segment
586,0.0021, Trillium sessile,0.002116963,b Climate Segment e Climate Segment
587,0, Triosteum angustifolium,0,b Climate Segment e Climate Segment
588,0, Tripsacum dactyloides,0,b Climate Segment e Climate Segment
589,0, Ulmus alata,0,b Climate Segment e Climate Segment
590,4.00E-04, Utricularia gibba,0.000428866,b Climate Segment e Climate Segment
591,7.00E-04, Utricularia intermedia,0.000717241,b Climate Segment e Climate Segment
592,0, Utricularia macrorhiza,0,b Climate Segment e Climate Segment
593,0, Uvularia sessilifolia,0,b Climate Segment e Climate Segment
594,0, Vaccinium angustifolium,0,b Climate Segment e Climate Segment
595,0, Vaccinium arboreum,0,b Climate Segment e Climate Segment
596,0, Vaccinium corymbosum,0,b Climate Segment e Climate Segment
597,1.00E-04, Vaccinium macrocarpon,0.000113869,b Climate Segment e Climate Segment
598,0, Vaccinium stamineum,0,b Climate Segment e Climate Segment
599,0.0082, Valeriana pauciflora,0.008226367,b Climate Segment e Climate Segment
600,3.00E-04, Vallisneria americana,0.000323875,b Climate Segment e Climate Segment
601,0, Verbesina helianthoides,0,b Climate Segment e Climate Segment
602,0, Vernonia gigantea,0,b Climate Segment e Climate Segment
603,0, Vernonia missurica,0,b Climate Segment e Climate Segment
604,0, Veronica scutellata,0,b Climate Segment e Climate Segment
605,0, Veronicastrum virginicum,0,b Climate Segment e Climate Segment
606,0, Viburnum dentatum,0,b Climate Segment e Climate Segment
607,0, Viburnum lentago,0,b Climate Segment e Climate Segment
608,0.0012, Viburnum rafinesquianum,0.001223529,b Climate Segment e Climate Segment
609,0, Viburnum rufidulum,0,b Climate Segment e Climate Segment
610,0, Vicia americana,0,b Climate Segment e Climate Segment
611,0, Vicia caroliniana,0,b Climate Segment e Climate Segment
612,3.00E-04, Viola canadensis,0.000323875,b Climate Segment e Climate Segment
613,5.00E-04, Viola labradorica,0.00052349,b Climate Segment e Climate Segment
614,0, Viola lanceolata,0,b Climate Segment e Climate Segment
615,0, Viola palmata,0,b Climate Segment e Climate Segment
616,0, Viola pedata,0,b Climate Segment e Climate Segment
617,1.00E-04, Viola sagittata,0.000113869,b Climate Segment e Climate Segment
618,0, Vitis aestivalis,0,b Climate Segment e Climate Segment
619,5.00E-04, Vitis labrusca,0.00052349,b Climate Segment e Climate Segment
620,0, Vitis palmata,0,b Climate Segment e Climate Segment
621,0, Vulpia octoflora,0,b Climate Segment e Climate Segment
622,0, Woodwardia virginica,0,b Climate Segment e Climate Segment
623,0, Zizania aquatica,0,b Climate Segment e Climate Segment
624,0, Zizania palustris,0,b Climate Segment e Climate Segment
